img,nome,categoria,motor,descricao,items,local,valor
https://caelum-online-public.s3.amazonaws.com/1381-scraping/01/img-cars/lamborghini-aventador/lamborghini-aventador-2932196__340.jpg,LAMBORGHINI AVENTADOR,USADO,Motor 1.8 16v,Ano 1993 - 55.286 km,► 4 X 4► Câmera de estacionamento► Controle de tração► Sensor de estacionamento,Belo Horizonte - MG,R$ 338.000
https://caelum-online-public.s3.amazonaws.com/1381-scraping/01/img-cars/bmw-m2/bmw-m2-2970882__340.jpg,BMW M2,USADO,Motor 3.0 32v,Ano 2018 - 83.447 km,► Câmera de estacionamento► Controle de estabilidade► Travas elétricas► Freios ABS,Belo Horizonte - MG,R$ 346.000
https://caelum-online-public.s3.amazonaws.com/1381-scraping/01/img-cars/alfa/alfa-1823056__340.jpg,ALFA,USADO,Motor 1.8 16v,Ano 2004 - 19.722 km,► Central multimídia► Bancos de couro► Rodas de liga► Câmera de estacionamento,Rio de Janeiro - RJ,R$ 480.000
https://caelum-online-public.s3.amazonaws.com/1381-scraping/01/img-cars/puech/puech-4055386__340.jpg,PUECH,USADO,Motor Diesel V8,Ano 1992 - 34.335 km,► Bancos de couro► Freios ABS► Rodas de liga► Câmbio automático,São Paulo - SP,R$ 133.000
https://caelum-online-public.s3.amazonaws.com/1381-scraping/01/img-cars/lamborghini-murcielago/lamborghini-murcielago-2872974__340.jpg,LAMBORGHINI MURCIELAGO,USADO,Motor 1.0 8v,Ano 1991 - 464 km,► Central multimídia► Teto panorâmico► Sensor crepuscular► Piloto automático,Belo Horizonte - MG,R$ 175.000
https://caelum-online-public.s3.amazonaws.com/1381-scraping/01/img-cars/aston-martin/aston-martin-2977916__340.jpg,ASTON MARTIN,USADO,Motor Diesel V6,Ano 2004 - 50.189 km,► Painel digital► Controle de tração► Teto panorâmico► Central multimídia,Belo Horizonte - MG,R$ 239.000
https://caelum-online-public.s3.amazonaws.com/1381-scraping/01/img-cars/tvr/tvr-2943925__340.jpg,TVR,USADO,Motor 4.0 Turbo,Ano 2014 - 17.778 km,► 4 X 4► Teto panorâmico► Central multimídia► Controle de estabilidade,Belo Horizonte - MG,R$ 115.000
https://caelum-online-public.s3.amazonaws.com/1381-scraping/01/img-cars/excalibur/excalibur-2916730__340.jpg,EXCALIBUR,USADO,Motor 3.0 32v,Ano 2009 - 81.251 km,► Painel digital► Câmbio automático► Sensor de chuva► Travas elétricas,Rio de Janeiro - RJ,R$ 114.000
https://caelum-online-public.s3.amazonaws.com/1381-scraping/01/img-cars/mclaren/mclaren-2855240__340.jpg,MCLAREN,NOVO,Motor Diesel,Ano 2019 - 0 km,► Central multimídia► Câmera de estacionamento► Câmbio automático► Ar condicionado,São Paulo - SP,R$ 75.000
https://caelum-online-public.s3.amazonaws.com/1381-scraping/01/img-cars/toyota/toyota-3245397__340.jpg,TOYOTA,USADO,Motor 4.0 Turbo,Ano 1999 - 12.536 km,► Bancos de couro► Freios ABS► Piloto automático► Controle de estabilidade,São Paulo - SP,R$ 117.000
https://caelum-online-public.s3.amazonaws.com/1381-scraping/01/img-cars/volkswagen-beetle/volkswagen-beetle-3295906__340.png,VOLKSWAGEN BEETLE,NOVO,Motor 1.0 8v,Ano 2019 - 0 km,► Teto panorâmico► Controle de tração► Sensor crepuscular► 4 X 4,Rio de Janeiro - RJ,R$ 177.000
https://caelum-online-public.s3.amazonaws.com/1381-scraping/01/img-cars/spirit-of-ecstasy/spirit-of-ecstasy-188975__340.jpg,SPIRIT OF ECSTASY,USADO,Motor 3.0 32v,Ano 2011 - 107.484 km,► Ar condicionado► Travas elétricas► Rodas de liga► Bancos de couro,Belo Horizonte - MG,R$ 322.000
https://caelum-online-public.s3.amazonaws.com/1381-scraping/01/img-cars/porsche-911-gt2rs/porsche-911-gt2rs-3076518__340.jpg,PORSCHE 911 GT2RS,USADO,Motor 3.0 32v,Ano 1992 - 908 km,► Piloto automático► Painel digital► Ar condicionado► Vidros elétricos,Rio de Janeiro - RJ,R$ 194.000
https://caelum-online-public.s3.amazonaws.com/1381-scraping/01/img-cars/koenigsegg/koenigsegg-2086612__340.jpg,KOENIGSEGG,USADO,Motor 2.4 Turbo,Ano 2015 - 22.485 km,► Sensor crepuscular► Painel digital► Teto panorâmico► Vidros elétricos,São Paulo - SP,R$ 469.000
https://caelum-online-public.s3.amazonaws.com/1381-scraping/01/img-cars/limousine/limousine-1126028__340.jpg,LIMOUSINE,USADO,Motor Diesel V6,Ano 1996 - 23.007 km,► 4 X 4► Câmera de estacionamento► Painel digital► Controle de tração,Belo Horizonte - MG,R$ 424.000
https://caelum-online-public.s3.amazonaws.com/1381-scraping/01/img-cars/ferrari-ff/ferrari-ff-2975657__340.jpg,FERRARI FF,USADO,Motor 4.0 Turbo,Ano 2002 - 106.389 km,► Rodas de liga► Bancos de couro► Freios ABS► Travas elétricas,Belo Horizonte - MG,R$ 291.000
https://caelum-online-public.s3.amazonaws.com/1381-scraping/01/img-cars/offenburg/offenburg-3898117__340.jpg,OFFENBURG,USADO,Motor 5.0 V8 Bi-Turbo,Ano 1990 - 78.181 km,► Freios ABS► Piloto automático► Controle de estabilidade► Vidros elétricos,Rio de Janeiro - RJ,R$ 96.000
https://caelum-online-public.s3.amazonaws.com/1381-scraping/01/img-cars/mustang/mustang-1184505__340.jpg,MUSTANG,USADO,Motor Diesel V8,Ano 1998 - 86.001 km,► Sensor de estacionamento► Ar condicionado► Central multimídia► Travas elétricas,São Paulo - SP,R$ 271.000
https://caelum-online-public.s3.amazonaws.com/1381-scraping/01/img-cars/luxury/luxury-2493869__340.jpg,LUXURY,NOVO,Motor 2.4 Turbo,Ano 2019 - 0 km,► Rodas de liga► Controle de tração► Freios ABS► Sensor de estacionamento,Rio de Janeiro - RJ,R$ 387.000
https://caelum-online-public.s3.amazonaws.com/1381-scraping/01/img-cars/bmw-m5/bmw-m5-2932194__340.jpg,BMW M5,USADO,Motor 3.0 32v,Ano 2017 - 10.747 km,► Painel digital► Central multimídia► Vidros elétricos► Ar condicionado,Rio de Janeiro - RJ,R$ 483.000
https://caelum-online-public.s3.amazonaws.com/1381-scraping/01/img-cars/porsche-911-gt3rs/porsche-911-gt3rs-2933986__340.jpg,PORSCHE 911 GT3RS,USADO,Motor Diesel,Ano 1991 - 28.617 km,► Painel digital► Controle de estabilidade► 4 X 4► Sensor de chuva,Belo Horizonte - MG,R$ 285.000
https://caelum-online-public.s3.amazonaws.com/1381-scraping/01/img-cars/gold/gold-2428523__340.jpg,GOLD,NOVO,Motor V8,Ano 2019 - 0 km,► Ar condicionado► Travas elétricas► Sensor de chuva► Bancos de couro,Belo Horizonte - MG,R$ 357.000
https://caelum-online-public.s3.amazonaws.com/1381-scraping/01/img-cars/cabriolet/cabriolet-4170187__340.jpg,CABRIOLET,NOVO,Motor Diesel V6,Ano 2019 - 0 km,► Sensor de estacionamento► Teto panorâmico► Sensor crepuscular► Ar condicionado,Belo Horizonte - MG,R$ 106.000
https://caelum-online-public.s3.amazonaws.com/1381-scraping/01/img-cars/chrysler-300/chrysler-300-2864861__340.jpg,CHRYSLER 300,USADO,Motor 2.0 16v,Ano 2009 - 67.480 km,► Rodas de liga► Câmera de estacionamento► Sensor crepuscular► Travas elétricas,Rio de Janeiro - RJ,R$ 439.000
https://caelum-online-public.s3.amazonaws.com/1381-scraping/01/img-cars/classic/classic-1678559__340.jpg,CLASSIC,NOVO,Motor 4.0 Turbo,Ano 2019 - 0 km,► Painel digital► Teto panorâmico► Travas elétricas► Sensor de estacionamento,Rio de Janeiro - RJ,R$ 143.000
https://caelum-online-public.s3.amazonaws.com/1381-scraping/01/img-cars/dodge/dodge-2915589__340.jpg,DODGE,USADO,Motor 2.0 16v,Ano 1999 - 85.451 km,► Freios ABS► 4 X 4► Sensor de chuva► Rodas de liga,Belo Horizonte - MG,R$ 155.000
https://caelum-online-public.s3.amazonaws.com/1381-scraping/01/img-cars/vintage-automobile/vintage-automobile-1672058__340.jpg,VINTAGE AUTOMOBILE,NOVO,Motor 5.0 V8 Bi-Turbo,Ano 2019 - 0 km,► Travas elétricas► Câmbio automático► Bancos de couro► Teto panorâmico,São Paulo - SP,R$ 337.000
https://caelum-online-public.s3.amazonaws.com/1381-scraping/01/img-cars/corvette/corvette-2291857__340.jpg,CORVETTE,USADO,Motor 1.8 16v,Ano 1996 - 107.305 km,► Piloto automático► Controle de estabilidade► Freios ABS► Ar condicionado,Belo Horizonte - MG,R$ 89.000
https://caelum-online-public.s3.amazonaws.com/1381-scraping/01/img-cars/opel/opel-2896688__340.png,OPEL,USADO,Motor 4.0 Turbo,Ano 1997 - 119.942 km,► Central multimídia► Piloto automático► Sensor de estacionamento► Ar condicionado,Rio de Janeiro - RJ,R$ 193.000
https://caelum-online-public.s3.amazonaws.com/1381-scraping/01/img-cars/audi-r8/audi-r8-1548170__340.jpg,AUDI R8,USADO,Motor 1.8 16v,Ano 1993 - 86.338 km,► Painel digital► Travas elétricas► Vidros elétricos► 4 X 4,Belo Horizonte - MG,R$ 356.000
https://caelum-online-public.s3.amazonaws.com/1381-scraping/01/img-cars/aston-martin-vulcan/aston-martin-vulcan-2918114__340.jpg,ASTON MARTIN VULCAN,NOVO,Motor Diesel,Ano 2019 - 0 km,► Câmbio automático► Sensor de chuva► Controle de tração► Teto panorâmico,Rio de Janeiro - RJ,R$ 141.000
https://caelum-online-public.s3.amazonaws.com/1381-scraping/01/img-cars/triumph-motor-company/triumph-motor-company-3403574__340.png,TRIUMPH MOTOR COMPANY,NOVO,Motor V6,Ano 2019 - 0 km,► Central multimídia► Ar condicionado► Bancos de couro► Câmera de estacionamento,Rio de Janeiro - RJ,R$ 176.000
https://caelum-online-public.s3.amazonaws.com/1381-scraping/01/img-cars/vintage-car/vintage-car-1049882__340.jpg,VINTAGE CAR,USADO,Motor V8,Ano 2003 - 59.288 km,► Freios ABS► Piloto automático► Sensor de chuva► Vidros elétricos,Rio de Janeiro - RJ,R$ 65.000
https://caelum-online-public.s3.amazonaws.com/1381-scraping/01/img-cars/acura-headlamp/acura-headlamp-2834131__340.jpg,ACURA HEADLAMP,NOVO,Motor V6,Ano 2019 - 0 km,► Câmera de estacionamento► Câmbio automático► Piloto automático► Central multimídia,Belo Horizonte - MG,R$ 449.000
https://caelum-online-public.s3.amazonaws.com/1381-scraping/01/img-cars/luxury-cars/luxury-cars-1197705__340.jpg,LUXURY CARS,USADO,Motor Diesel V8,Ano 2014 - 37.738 km,► Rodas de liga► Painel digital► Sensor de estacionamento► Teto panorâmico,Rio de Janeiro - RJ,R$ 379.000
https://caelum-online-public.s3.amazonaws.com/1381-scraping/01/img-cars/ferrari-458-spider/ferrari-458-spider-2932191__340.jpg,FERRARI 458 SPIDER,USADO,Motor V6,Ano 1993 - 24.316 km,► Central multimídia► Controle de estabilidade► Piloto automático► Sensor de chuva,Belo Horizonte - MG,R$ 262.000
https://caelum-online-public.s3.amazonaws.com/1381-scraping/01/img-cars/classic-automobile/classic-automobile-1672002__340.jpg,CLASSIC AUTOMOBILE,USADO,Motor 3.0 32v,Ano 2016 - 35.762 km,► Câmbio automático► Sensor de estacionamento► Bancos de couro► Câmera de estacionamento,Rio de Janeiro - RJ,R$ 356.000
https://caelum-online-public.s3.amazonaws.com/1381-scraping/01/img-cars/infinity/infinity-1568821__340.jpg,INFINITY,USADO,Motor 2.4 Turbo,Ano 1990 - 51.693 km,► Câmera de estacionamento► Piloto automático► Ar condicionado► Painel digital,Rio de Janeiro - RJ,R$ 459.000
https://caelum-online-public.s3.amazonaws.com/1381-scraping/01/img-cars/aston-martin-vanquish/aston-martin-vanquish-2975656__340.jpg,ASTON MARTIN VANQUISH,NOVO,Motor 4.0 Turbo,Ano 2019 - 0 km,► Painel digital► Piloto automático► Sensor de estacionamento► Sensor crepuscular,São Paulo - SP,R$ 183.000
https://caelum-online-public.s3.amazonaws.com/1381-scraping/01/img-cars/mercedes-benz-190-sl/mercedes-benz-190-sl-2982511__340.jpg,MERCEDES BENZ 190 SL,USADO,Motor 3.0 32v,Ano 1994 - 111.906 km,► Câmbio automático► Freios ABS► Sensor crepuscular► Controle de estabilidade,Belo Horizonte - MG,R$ 61.000
https://caelum-online-public.s3.amazonaws.com/1381-scraping/01/img-cars/audi-tt/audi-tt-1037977__340.jpg,AUDI TT,USADO,Motor Diesel V6,Ano 2008 - 82.711 km,► Sensor de chuva► Rodas de liga► Câmera de estacionamento► Travas elétricas,São Paulo - SP,R$ 225.000
https://caelum-online-public.s3.amazonaws.com/1381-scraping/01/img-cars/district/district-4226500__340.jpg,DISTRICT,USADO,Motor Diesel V6,Ano 1995 - 36.215 km,► Sensor de chuva► Rodas de liga► Piloto automático► 4 X 4,São Paulo - SP,R$ 181.000
https://caelum-online-public.s3.amazonaws.com/1381-scraping/01/img-cars/vintage/vintage-1275225__340.jpg,VINTAGE,USADO,Motor 4.0 Turbo,Ano 2005 - 63.879 km,► 4 X 4► Ar condicionado► Câmbio automático► Controle de estabilidade,Rio de Janeiro - RJ,R$ 460.000
https://caelum-online-public.s3.amazonaws.com/1381-scraping/01/img-cars/audi/audi-1059039__340.jpg,AUDI,NOVO,Motor Diesel V6,Ano 2019 - 0 km,► Piloto automático► Bancos de couro► Painel digital► Controle de tração,São Paulo - SP,R$ 161.000
https://caelum-online-public.s3.amazonaws.com/1381-scraping/01/img-cars/audi-rs6/audi-rs6-2934125__340.jpg,AUDI RS6,USADO,Motor Diesel V6,Ano 1999 - 26.215 km,► Travas elétricas► Central multimídia► Vidros elétricos► Ar condicionado,Belo Horizonte - MG,R$ 188.000
https://caelum-online-public.s3.amazonaws.com/1381-scraping/01/img-cars/ferrari-458-speciale/ferrari-458-speciale-2918112__340.jpg,FERRARI 458 SPECIALE,USADO,Motor Diesel V6,Ano 2018 - 1 km,► Freios ABS► Controle de estabilidade► Painel digital► Ar condicionado,São Paulo - SP,R$ 97.000
https://caelum-online-public.s3.amazonaws.com/1381-scraping/01/img-cars/truck/truck-2158284__340.png,TRUCK,USADO,Motor 4.0 Turbo,Ano 2001 - 68.038 km,► Rodas de liga► Sensor de estacionamento► Vidros elétricos► Câmbio automático,Belo Horizonte - MG,R$ 415.000
https://caelum-online-public.s3.amazonaws.com/1381-scraping/01/img-cars/corvette-stingray/corvette-stingray-1693709__340.jpg,CORVETTE STINGRAY,USADO,Motor 1.8 16v,Ano 1996 - 86.477 km,► Câmbio automático► Controle de estabilidade► Sensor de estacionamento► Ar condicionado,São Paulo - SP,R$ 172.000
https://caelum-online-public.s3.amazonaws.com/1381-scraping/01/img-cars/lamborghini/lamborghini-1104868__340.jpg,LAMBORGHINI,USADO,Motor 3.0 32v,Ano 2004 - 103.570 km,► Vidros elétricos► Câmbio automático► Piloto automático► Teto panorâmico,Rio de Janeiro - RJ,R$ 281.000
https://caelum-online-public.s3.amazonaws.com/1381-scraping/01/img-cars/chrysler/chrysler-836045__340.jpg,CHRYSLER,NOVO,Motor 3.0 32v,Ano 2019 - 0 km,► 4 X 4► Ar condicionado► Câmera de estacionamento► Sensor de estacionamento,São Paulo - SP,R$ 396.000
https://caelum-online-public.s3.amazonaws.com/1381-scraping/01/img-cars/range-rover/range-rover-2015635__340.jpg,RANGE ROVER,USADO,Motor V6,Ano 2014 - 85.686 km,► Sensor de chuva► Ar condicionado► Painel digital► Teto panorâmico,São Paulo - SP,R$ 450.000
https://caelum-online-public.s3.amazonaws.com/1381-scraping/01/img-cars/hammer/hammer-4294076__340.jpg,HAMMER,NOVO,Motor Diesel V8,Ano 2019 - 0 km,► Bancos de couro► Travas elétricas► Sensor de estacionamento► Controle de tração,Belo Horizonte - MG,R$ 470.000
https://caelum-online-public.s3.amazonaws.com/1381-scraping/01/img-cars/felicia/felicia-3619629__340.jpg,FELICIA,USADO,Motor 2.0 16v,Ano 1990 - 68.513 km,► Central multimídia► Painel digital► Ar condicionado► 4 X 4,Belo Horizonte - MG,R$ 64.000
https://caelum-online-public.s3.amazonaws.com/1381-scraping/01/img-cars/maserati-granturismo/maserati-granturismo-2933798__340.jpg,MASERATI GRANTURISMO,USADO,Motor 5.0 V8 Bi-Turbo,Ano 2011 - 71.783 km,► Piloto automático► Bancos de couro► 4 X 4► Sensor crepuscular,São Paulo - SP,R$ 343.000
https://caelum-online-public.s3.amazonaws.com/1381-scraping/01/img-cars/lamborghini-aventador-s/lamborghini-aventador-s-2943829__340.jpg,LAMBORGHINI AVENTADOR S,USADO,Motor Diesel V8,Ano 2017 - 115.844 km,► Câmera de estacionamento► Sensor de estacionamento► Central multimídia► Teto panorâmico,São Paulo - SP,R$ 106.000
https://caelum-online-public.s3.amazonaws.com/1381-scraping/01/img-cars/bentley/bentley-1273358__340.jpg,BENTLEY,USADO,Motor V6,Ano 1994 - 46.442 km,► Vidros elétricos► Piloto automático► Sensor crepuscular► 4 X 4,Belo Horizonte - MG,R$ 493.000
https://caelum-online-public.s3.amazonaws.com/1381-scraping/01/img-cars/aston/aston-884085__340.jpg,ASTON,NOVO,Motor 2.4 Turbo,Ano 2019 - 0 km,► Painel digital► Piloto automático► Freios ABS► Controle de estabilidade,São Paulo - SP,R$ 370.000
https://caelum-online-public.s3.amazonaws.com/1381-scraping/01/img-cars/lamborghini-gallardo/lamborghini-gallardo-2872975__340.jpg,LAMBORGHINI GALLARDO,USADO,Motor 5.0 V8 Bi-Turbo,Ano 1993 - 77.846 km,► 4 X 4► Painel digital► Travas elétricas► Sensor crepuscular,São Paulo - SP,R$ 474.000
https://caelum-online-public.s3.amazonaws.com/1381-scraping/01/img-cars/bmw-1m/bmw-1m-2933795__340.jpg,BMW 1M,USADO,Motor 1.0 8v,Ano 2014 - 28.833 km,► Sensor crepuscular► Sensor de chuva► Piloto automático► Câmera de estacionamento,Belo Horizonte - MG,R$ 420.000
https://caelum-online-public.s3.amazonaws.com/1381-scraping/01/img-cars/mercedes-s-class/mercedes-s-class-2724977__340.jpg,MERCEDES S CLASS,NOVO,Motor 2.4 Turbo,Ano 2019 - 0 km,► Central multimídia► Câmera de estacionamento► Sensor de estacionamento► Painel digital,São Paulo - SP,R$ 215.000
https://caelum-online-public.s3.amazonaws.com/1381-scraping/01/img-cars/vintage-auto/vintage-auto-1618836__340.jpg,VINTAGE AUTO,USADO,Motor 5.0 V8 Bi-Turbo,Ano 2014 - 59.723 km,► Freios ABS► Piloto automático► Controle de estabilidade► Sensor crepuscular,Belo Horizonte - MG,R$ 236.000
https://caelum-online-public.s3.amazonaws.com/1381-scraping/01/img-cars/leather-steering-wheel/leather-steering-wheel-2654960__340.jpg,LEATHER STEERING WHEEL,USADO,Motor V6,Ano 2001 - 74.365 km,► Controle de tração► 4 X 4► Câmera de estacionamento► Controle de estabilidade,Rio de Janeiro - RJ,R$ 124.000
https://caelum-online-public.s3.amazonaws.com/1381-scraping/01/img-cars/dkw/dkw-836018__340.jpg,DKW,USADO,Motor 2.0 16v,Ano 1994 - 112.727 km,► Controle de tração► Travas elétricas► Controle de estabilidade► Sensor crepuscular,São Paulo - SP,R$ 125.000
https://caelum-online-public.s3.amazonaws.com/1381-scraping/01/img-cars/ferrari/ferrari-1766283__340.jpg,FERRARI,USADO,Motor 1.8 16v,Ano 2011 - 111.255 km,► 4 X 4► Controle de tração► Travas elétricas► Teto panorâmico,Rio de Janeiro - RJ,R$ 151.000
https://caelum-online-public.s3.amazonaws.com/1381-scraping/01/img-cars/bmw-m3/bmw-m3-2963683__340.jpg,BMW M3,USADO,Motor Diesel V8,Ano 2000 - 21.968 km,► Teto panorâmico► Sensor de chuva► Ar condicionado► Câmera de estacionamento,Rio de Janeiro - RJ,R$ 351.000
https://caelum-online-public.s3.amazonaws.com/1381-scraping/01/img-cars/tuning/tuning-342255__340.jpg,TUNING,NOVO,Motor Diesel V6,Ano 2019 - 0 km,► Câmbio automático► Ar condicionado► Bancos de couro► Controle de tração,São Paulo - SP,R$ 223.000
https://caelum-online-public.s3.amazonaws.com/1381-scraping/01/img-cars/lincoln-mkz/lincoln-mkz-2734608__340.jpg,LINCOLN MKZ,NOVO,Motor Diesel V6,Ano 2019 - 0 km,► Bancos de couro► Sensor de chuva► Sensor de estacionamento► Freios ABS,São Paulo - SP,R$ 79.000
https://caelum-online-public.s3.amazonaws.com/1381-scraping/01/img-cars/maserati-levante/maserati-levante-4179430__340.jpg,MASERATI LEVANTE,NOVO,Motor V8,Ano 2019 - 0 km,► Controle de tração► Sensor de estacionamento► Freios ABS► Painel digital,São Paulo - SP,R$ 252.000
https://caelum-online-public.s3.amazonaws.com/1381-scraping/01/img-cars/rollsroyce/rollsroyce-1464403__340.jpg,ROLLSROYCE,USADO,Motor 4.0 Turbo,Ano 1991 - 5.947 km,► Central multimídia► Piloto automático► Controle de estabilidade► Câmbio automático,Belo Horizonte - MG,R$ 357.000
https://caelum-online-public.s3.amazonaws.com/1381-scraping/01/img-cars/mercedes-benz/mercedes-benz-1036353__340.jpg,MERCEDES BENZ,NOVO,Motor Diesel V6,Ano 2019 - 0 km,► Vidros elétricos► Controle de tração► Painel digital► Rodas de liga,São Paulo - SP,R$ 396.000
https://caelum-online-public.s3.amazonaws.com/1381-scraping/01/img-cars/morgan-roadster/morgan-roadster-3614696__340.png,MORGAN ROADSTER,USADO,Motor 2.0 16v,Ano 1999 - 102.662 km,► Ar condicionado► Travas elétricas► Controle de tração► Freios ABS,São Paulo - SP,R$ 460.000
https://caelum-online-public.s3.amazonaws.com/1381-scraping/01/img-cars/toyota-land-cruiser/toyota-land-cruiser-2943058__340.jpg,TOYOTA LAND CRUISER,USADO,Motor 2.0 16v,Ano 1990 - 46.571 km,► Rodas de liga► 4 X 4► Travas elétricas► Câmera de estacionamento,São Paulo - SP,R$ 72.000
https://caelum-online-public.s3.amazonaws.com/1381-scraping/01/img-cars/mercedes-benz-300-sl/mercedes-benz-300-sl-2523221__340.jpg,MERCEDES BENZ 300 SL,NOVO,Motor V8,Ano 2019 - 0 km,► Painel digital► Vidros elétricos► Teto panorâmico► Sensor crepuscular,Rio de Janeiro - RJ,R$ 422.000
https://caelum-online-public.s3.amazonaws.com/1381-scraping/01/img-cars/casablanca/casablanca-1650772__340.jpg,CASABLANCA,USADO,Motor 5.0 V8 Bi-Turbo,Ano 2003 - 9.912 km,► Ar condicionado► Freios ABS► Câmera de estacionamento► Vidros elétricos,Belo Horizonte - MG,R$ 399.000
https://caelum-online-public.s3.amazonaws.com/1381-scraping/01/img-cars/bugatti/bugatti-4200700__340.jpg,BUGATTI,USADO,Motor 1.0 8v,Ano 1993 - 81.154 km,► Freios ABS► Painel digital► Controle de estabilidade► Controle de tração,Rio de Janeiro - RJ,R$ 455.000
https://caelum-online-public.s3.amazonaws.com/1381-scraping/01/img-cars/porsche-carrera-gt/porsche-carrera-gt-3000128__340.jpg,PORSCHE CARRERA GT,NOVO,Motor 3.0 32v,Ano 2019 - 0 km,► Sensor de estacionamento► Vidros elétricos► Piloto automático► Painel digital,Belo Horizonte - MG,R$ 173.000
https://caelum-online-public.s3.amazonaws.com/1381-scraping/01/img-cars/black-and-white/black-and-white-1284271__340.jpg,BLACK AND WHITE,USADO,Motor 2.0 16v,Ano 2005 - 86.899 km,► Painel digital► Teto panorâmico► Sensor crepuscular► Rodas de liga,Belo Horizonte - MG,R$ 340.000
https://caelum-online-public.s3.amazonaws.com/1381-scraping/01/img-cars/bmw-i8/bmw-i8-2747729__340.jpg,BMW I8,USADO,Motor 3.0 32v,Ano 1994 - 112.579 km,► Freios ABS► Ar condicionado► 4 X 4► Teto panorâmico,Rio de Janeiro - RJ,R$ 443.000
https://caelum-online-public.s3.amazonaws.com/1381-scraping/01/img-cars/subaru/subaru-2281266__340.jpg,SUBARU,USADO,Motor Diesel,Ano 1995 - 48.416 km,► Sensor de chuva► Freios ABS► 4 X 4► Teto panorâmico,São Paulo - SP,R$ 383.000
https://caelum-online-public.s3.amazonaws.com/1381-scraping/01/img-cars/amazing/amazing-2369407__340.jpg,AMAZING,USADO,Motor 4.0 Turbo,Ano 2015 - 111.613 km,► Controle de estabilidade► Central multimídia► Câmera de estacionamento► Câmbio automático,Rio de Janeiro - RJ,R$ 287.000
https://caelum-online-public.s3.amazonaws.com/1381-scraping/01/img-cars/austin-healey/austin-healey-1019023__340.jpg,AUSTIN HEALEY,USADO,Motor Diesel,Ano 2003 - 15.810 km,► Sensor de estacionamento► Teto panorâmico► Controle de estabilidade► Câmbio automático,Belo Horizonte - MG,R$ 350.000
https://caelum-online-public.s3.amazonaws.com/1381-scraping/01/img-cars/ford/ford-3858517__340.png,FORD,USADO,Motor V8,Ano 1995 - 115.874 km,► Travas elétricas► Câmbio automático► Central multimídia► 4 X 4,São Paulo - SP,R$ 276.000
https://caelum-online-public.s3.amazonaws.com/1381-scraping/01/img-cars/rolls-royce-wraith/rolls-royce-wraith-1063533__340.jpg,ROLLS ROYCE WRAITH,USADO,Motor Diesel,Ano 2010 - 99.918 km,► Freios ABS► Controle de estabilidade► Painel digital► Câmbio automático,São Paulo - SP,R$ 163.000
https://caelum-online-public.s3.amazonaws.com/1381-scraping/01/img-cars/mercedes-e63/mercedes-e63-2945875__340.jpg,MERCEDES E63,NOVO,Motor 5.0 V8 Bi-Turbo,Ano 2019 - 0 km,► Sensor de chuva► Central multimídia► Ar condicionado► Controle de estabilidade,Rio de Janeiro - RJ,R$ 107.000
https://caelum-online-public.s3.amazonaws.com/1381-scraping/01/img-cars/mclaren-mp4-12c/mclaren-mp4-12c-3169307__340.jpg,MCLAREN MP4 12C,NOVO,Motor Diesel V6,Ano 2019 - 0 km,► Sensor de estacionamento► Central multimídia► Sensor crepuscular► Piloto automático,Belo Horizonte - MG,R$ 173.000
https://caelum-online-public.s3.amazonaws.com/1381-scraping/01/img-cars/vwbeetle/vwbeetle-836065__340.jpg,VWBEETLE,USADO,Motor Diesel V8,Ano 1992 - 108.055 km,► 4 X 4► Teto panorâmico► Travas elétricas► Câmbio automático,Rio de Janeiro - RJ,R$ 150.000
https://caelum-online-public.s3.amazonaws.com/1381-scraping/01/img-cars/ferrari-360/ferrari-360-2918130__340.jpg,FERRARI 360,USADO,Motor 5.0 V8 Bi-Turbo,Ano 1991 - 106.251 km,► Vidros elétricos► Rodas de liga► Travas elétricas► Sensor de chuva,Belo Horizonte - MG,R$ 305.000
https://caelum-online-public.s3.amazonaws.com/1381-scraping/01/img-cars/citroen/citroen-2749247__340.png,CITROEN,USADO,Motor 1.8 16v,Ano 1995 - 13.433 km,► Piloto automático► Central multimídia► Câmera de estacionamento► Travas elétricas,São Paulo - SP,R$ 220.000
https://caelum-online-public.s3.amazonaws.com/1381-scraping/01/img-cars/ferrari-458/ferrari-458-2816250__340.jpg,FERRARI 458,USADO,Motor 3.0 32v,Ano 2000 - 75.458 km,► Controle de estabilidade► Câmbio automático► Painel digital► Bancos de couro,Belo Horizonte - MG,R$ 176.000
https://caelum-online-public.s3.amazonaws.com/1381-scraping/01/img-cars/oldtimers/oldtimers-770407__340.jpg,OLDTIMERS,USADO,Motor Diesel,Ano 2015 - 41.735 km,► Vidros elétricos► Ar condicionado► Controle de estabilidade► Sensor crepuscular,Belo Horizonte - MG,R$ 201.000
https://caelum-online-public.s3.amazonaws.com/1381-scraping/01/img-cars/car-parts-white/car-parts-white-365353__340.jpg,CAR PARTS WHITE,USADO,Motor 1.8 16v,Ano 2003 - 51.348 km,► Controle de estabilidade► Câmera de estacionamento► Câmbio automático► Ar condicionado,Rio de Janeiro - RJ,R$ 384.000
https://caelum-online-public.s3.amazonaws.com/1381-scraping/01/img-cars/goodyear/goodyear-1534185__340.jpg,GOODYEAR,NOVO,Motor 5.0 V8 Bi-Turbo,Ano 2019 - 0 km,► Freios ABS► Controle de tração► Teto panorâmico► Controle de estabilidade,Rio de Janeiro - RJ,R$ 111.000
https://caelum-online-public.s3.amazonaws.com/1381-scraping/01/img-cars/afterfx-custom-jeep/afterfx-custom-jeep-2774670__340.jpg,AFTERFX CUSTOM JEEP,USADO,Motor Diesel,Ano 2017 - 68.014 km,► Controle de tração► Travas elétricas► 4 X 4► Vidros elétricos,São Paulo - SP,R$ 146.000
https://caelum-online-public.s3.amazonaws.com/1381-scraping/01/img-cars/white-luxury-car/white-luxury-car-2663294__340.jpg,WHITE LUXURY CAR,USADO,Motor 2.4 Turbo,Ano 1993 - 52.282 km,► Controle de tração► Ar condicionado► Freios ABS► Câmbio automático,Rio de Janeiro - RJ,R$ 319.000
https://caelum-online-public.s3.amazonaws.com/1381-scraping/01/img-cars/lexus-break-light/lexus-break-light-2770377__340.jpg,LEXUS BREAK LIGHT,USADO,Motor 2.4 Turbo,Ano 2016 - 100.617 km,► Rodas de liga► Freios ABS► Câmera de estacionamento► 4 X 4,São Paulo - SP,R$ 86.000
https://caelum-online-public.s3.amazonaws.com/1381-scraping/01/img-cars/ferrari-california/ferrari-california-3170346__340.jpg,FERRARI CALIFORNIA,NOVO,Motor V6,Ano 2019 - 0 km,► Câmera de estacionamento► Rodas de liga► Controle de estabilidade► Sensor de estacionamento,Rio de Janeiro - RJ,R$ 188.000
https://caelum-online-public.s3.amazonaws.com/1381-scraping/01/img-cars/merc/merc-3850159__340.jpg,MERC,NOVO,Motor V6,Ano 2019 - 0 km,► Ar condicionado► 4 X 4► Painel digital► Piloto automático,Rio de Janeiro - RJ,R$ 467.000
https://caelum-online-public.s3.amazonaws.com/1381-scraping/01/img-cars/lexus-is-f/lexus-is-f-2914268__340.jpg,LEXUS IS F,USADO,Motor V8,Ano 2013 - 79.881 km,► Teto panorâmico► 4 X 4► Travas elétricas► Sensor de chuva,São Paulo - SP,R$ 69.000
https://caelum-online-public.s3.amazonaws.com/1381-scraping/01/img-cars/ford-mustang/ford-mustang-1162880__340.jpg,FORD MUSTANG,NOVO,Motor 1.0 8v,Ano 2019 - 0 km,► Controle de tração► 4 X 4► Vidros elétricos► Ar condicionado,Rio de Janeiro - RJ,R$ 230.000
https://caelum-online-public.s3.amazonaws.com/1381-scraping/01/img-cars/pagani-huayra/pagani-huayra-780059__340.jpg,PAGANI HUAYRA,NOVO,Motor Diesel V8,Ano 2019 - 0 km,► Câmbio automático► Freios ABS► Sensor de chuva► Sensor crepuscular,São Paulo - SP,R$ 463.000
https://caelum-online-public.s3.amazonaws.com/1381-scraping/01/img-cars/fiat/fiat-2611853__340.png,FIAT,USADO,Motor V6,Ano 2003 - 90.354 km,► Sensor crepuscular► Piloto automático► Câmera de estacionamento► Painel digital,São Paulo - SP,R$ 440.000
https://caelum-online-public.s3.amazonaws.com/1381-scraping/01/img-cars/houston/houston-3288450__340.jpg,HOUSTON,USADO,Motor V8,Ano 1995 - 48.876 km,► 4 X 4► Rodas de liga► Teto panorâmico► Controle de tração,Rio de Janeiro - RJ,R$ 58.000
https://caelum-online-public.s3.amazonaws.com/1381-scraping/01/img-cars/lexus/lexus-1938299__340.jpg,LEXUS,USADO,Motor Diesel V6,Ano 2006 - 43.186 km,► Sensor crepuscular► Bancos de couro► Piloto automático► Freios ABS,Belo Horizonte - MG,R$ 475.000
https://caelum-online-public.s3.amazonaws.com/1381-scraping/01/img-cars/spain/spain-2431682__340.png,SPAIN,USADO,Motor 1.0 8v,Ano 2007 - 66.296 km,► Central multimídia► Freios ABS► Sensor de chuva► Controle de estabilidade,São Paulo - SP,R$ 133.000
https://caelum-online-public.s3.amazonaws.com/1381-scraping/01/img-cars/borgward/borgward-2824280__340.png,BORGWARD,NOVO,Motor 5.0 V8 Bi-Turbo,Ano 2019 - 0 km,► Vidros elétricos► Controle de estabilidade► Piloto automático► Sensor crepuscular,São Paulo - SP,R$ 322.000
https://caelum-online-public.s3.amazonaws.com/1381-scraping/01/img-cars/spokes/spokes-1537965__340.jpg,SPOKES,USADO,Motor 4.0 Turbo,Ano 2016 - 72.469 km,► Câmbio automático► Freios ABS► Travas elétricas► Controle de tração,Belo Horizonte - MG,R$ 138.000
https://caelum-online-public.s3.amazonaws.com/1381-scraping/01/img-cars/muscle-car/muscle-car-1130607__340.jpg,MUSCLE CAR,USADO,Motor Diesel V8,Ano 1991 - 107.498 km,► Sensor de chuva► Teto panorâmico► Freios ABS► Controle de estabilidade,São Paulo - SP,R$ 413.000
https://caelum-online-public.s3.amazonaws.com/1381-scraping/01/img-cars/mclaren-650s/mclaren-650s-2976031__340.jpg,MCLAREN 650S,USADO,Motor 4.0 Turbo,Ano 1996 - 76.244 km,► Rodas de liga► Freios ABS► Controle de tração► Sensor de estacionamento,Rio de Janeiro - RJ,R$ 483.000
https://caelum-online-public.s3.amazonaws.com/1381-scraping/01/img-cars/spyker-c8/spyker-c8-2934067__340.jpg,SPYKER C8,USADO,Motor 2.4 Turbo,Ano 2001 - 22.527 km,► Bancos de couro► Câmbio automático► Travas elétricas► Teto panorâmico,São Paulo - SP,R$ 223.000
https://caelum-online-public.s3.amazonaws.com/1381-scraping/01/img-cars/boxster/boxster-1771886__340.jpg,BOXSTER,USADO,Motor Diesel V6,Ano 2005 - 66.836 km,► 4 X 4► Câmbio automático► Painel digital► Piloto automático,São Paulo - SP,R$ 126.000
https://caelum-online-public.s3.amazonaws.com/1381-scraping/01/img-cars/aston-martin-shooting-brake-zagato/aston-martin-shooting-brake-zagato-4345303__340.jpg,ASTON MARTIN SHOOTING BRAKE ZAGATO,USADO,Motor Diesel V8,Ano 2007 - 22.225 km,► Teto panorâmico► Controle de estabilidade► Sensor de chuva► Sensor crepuscular,Belo Horizonte - MG,R$ 354.000
https://caelum-online-public.s3.amazonaws.com/1381-scraping/01/img-cars/porsche-911/porsche-911-2930668__340.jpg,PORSCHE 911,USADO,Motor V8,Ano 2007 - 97.778 km,► Central multimídia► 4 X 4► Bancos de couro► Controle de estabilidade,Rio de Janeiro - RJ,R$ 132.000
https://caelum-online-public.s3.amazonaws.com/1381-scraping/01/img-cars/aston-martin-db11/aston-martin-db11-2977862__340.jpg,ASTON MARTIN DB11,USADO,Motor 1.0 8v,Ano 1995 - 95.124 km,► Central multimídia► Bancos de couro► Sensor crepuscular► Sensor de estacionamento,São Paulo - SP,R$ 201.000
https://caelum-online-public.s3.amazonaws.com/1381-scraping/01/img-cars/kahului/kahului-81951__340.jpg,KAHULUI,NOVO,Motor V8,Ano 2019 - 0 km,► Rodas de liga► Teto panorâmico► Sensor de chuva► Painel digital,São Paulo - SP,R$ 58.000
https://caelum-online-public.s3.amazonaws.com/1381-scraping/01/img-cars/daimler/daimler-1354963__340.jpg,DAIMLER,USADO,Motor Diesel,Ano 1997 - 76.354 km,► Piloto automático► Câmera de estacionamento► Câmbio automático► Sensor crepuscular,Belo Horizonte - MG,R$ 159.000
https://caelum-online-public.s3.amazonaws.com/1381-scraping/01/img-cars/red-car/red-car-2675961__340.jpg,RED CAR,USADO,Motor 1.0 8v,Ano 1993 - 11.015 km,► Sensor de estacionamento► Bancos de couro► Sensor de chuva► Teto panorâmico,Rio de Janeiro - RJ,R$ 167.000
https://caelum-online-public.s3.amazonaws.com/1381-scraping/01/img-cars/porsche/porsche-1408486__340.jpg,PORSCHE,USADO,Motor 3.0 32v,Ano 1990 - 9.856 km,► Controle de estabilidade► Teto panorâmico► Freios ABS► 4 X 4,Belo Horizonte - MG,R$ 249.000
https://caelum-online-public.s3.amazonaws.com/1381-scraping/01/img-cars/asphalt/asphalt-1853590__340.jpg,ASPHALT,NOVO,Motor 2.0 16v,Ano 2019 - 0 km,► Rodas de liga► Freios ABS► Controle de tração► Bancos de couro,Rio de Janeiro - RJ,R$ 402.000
https://caelum-online-public.s3.amazonaws.com/1381-scraping/01/img-cars/aston-martin-vantage/aston-martin-vantage-2930663__340.jpg,ASTON MARTIN VANTAGE,USADO,Motor 1.8 16v,Ano 2018 - 76.558 km,► Painel digital► Freios ABS► Controle de estabilidade► Sensor de chuva,Rio de Janeiro - RJ,R$ 393.000
https://caelum-online-public.s3.amazonaws.com/1381-scraping/01/img-cars/porsche-turbo/porsche-turbo-2934071__340.jpg,PORSCHE TURBO,USADO,Motor 1.0 8v,Ano 1993 - 23.418 km,► Travas elétricas► Sensor de chuva► Piloto automático► 4 X 4,Rio de Janeiro - RJ,R$ 332.000
https://caelum-online-public.s3.amazonaws.com/1381-scraping/01/img-cars/reo/reo-836008__340.jpg,REO,NOVO,Motor 1.8 16v,Ano 2019 - 0 km,► Sensor de estacionamento► Painel digital► Bancos de couro► Sensor de chuva,Belo Horizonte - MG,R$ 472.000
https://caelum-online-public.s3.amazonaws.com/1381-scraping/01/img-cars/cobra/cobra-3890772__340.jpg,COBRA,NOVO,Motor 2.4 Turbo,Ano 2019 - 0 km,► Teto panorâmico► Sensor de chuva► Câmbio automático► Piloto automático,São Paulo - SP,R$ 442.000
https://caelum-online-public.s3.amazonaws.com/1381-scraping/01/img-cars/suv/suv-29064__340.png,SUV,NOVO,Motor 1.0 8v,Ano 2019 - 0 km,► Freios ABS► Bancos de couro► Sensor de estacionamento► Controle de tração,Belo Horizonte - MG,R$ 108.000
https://caelum-online-public.s3.amazonaws.com/1381-scraping/01/img-cars/jeep/jeep-4129936__340.jpg,JEEP,USADO,Motor 2.4 Turbo,Ano 1990 - 68.534 km,► Controle de estabilidade► 4 X 4► Central multimídia► Controle de tração,Rio de Janeiro - RJ,R$ 471.000
https://caelum-online-public.s3.amazonaws.com/1381-scraping/01/img-cars/classic-car/classic-car-1142419__340.jpg,CLASSIC CAR,NOVO,Motor Diesel V8,Ano 2019 - 0 km,► Câmbio automático► 4 X 4► Sensor de estacionamento► Ar condicionado,Belo Horizonte - MG,R$ 210.000
https://caelum-online-public.s3.amazonaws.com/1381-scraping/01/img-cars/tea/tea-2005492__340.jpg,TEA,USADO,Motor 2.4 Turbo,Ano 2014 - 115.936 km,► Câmera de estacionamento► Vidros elétricos► Painel digital► Central multimídia,Belo Horizonte - MG,R$ 332.000
https://caelum-online-public.s3.amazonaws.com/1381-scraping/01/img-cars/traffic/traffic-3545794__340.jpg,TRAFFIC,NOVO,Motor 3.0 32v,Ano 2019 - 0 km,► Controle de tração► Vidros elétricos► Bancos de couro► Painel digital,Rio de Janeiro - RJ,R$ 113.000
https://caelum-online-public.s3.amazonaws.com/1381-scraping/01/img-cars/mercedes-benz-600se-luxury-sedan/mercedes-benz-600se-luxury-sedan-3378356__340.png,MERCEDES BENZ 600SE LUXURY SEDAN,USADO,Motor 2.0 16v,Ano 1997 - 80.168 km,► Sensor de estacionamento► Freios ABS► Teto panorâmico► Sensor de chuva,Belo Horizonte - MG,R$ 172.000
https://caelum-online-public.s3.amazonaws.com/1381-scraping/01/img-cars/pkw/pkw-1648409__340.jpg,PKW,NOVO,Motor Diesel,Ano 2019 - 0 km,► Travas elétricas► Teto panorâmico► Rodas de liga► Ar condicionado,São Paulo - SP,R$ 180.000
https://caelum-online-public.s3.amazonaws.com/1381-scraping/01/img-cars/mercedes-slk55/mercedes-slk55-2975679__340.jpg,MERCEDES SLK55,NOVO,Motor Diesel V6,Ano 2019 - 0 km,► Rodas de liga► Câmera de estacionamento► 4 X 4► Piloto automático,Rio de Janeiro - RJ,R$ 498.000
https://caelum-online-public.s3.amazonaws.com/1381-scraping/01/img-cars/luxury-car/luxury-car-1023777__340.jpg,LUXURY CAR,USADO,Motor Diesel,Ano 2015 - 72.680 km,► 4 X 4► Sensor de estacionamento► Vidros elétricos► Teto panorâmico,Rio de Janeiro - RJ,R$ 142.000
https://caelum-online-public.s3.amazonaws.com/1381-scraping/01/img-cars/mercedes-sl300/mercedes-sl300-2805856__340.jpg,MERCEDES SL300,USADO,Motor 2.4 Turbo,Ano 1994 - 16.192 km,► Freios ABS► Câmbio automático► Sensor de chuva► Câmera de estacionamento,São Paulo - SP,R$ 121.000
https://caelum-online-public.s3.amazonaws.com/1381-scraping/01/img-cars/redjawa/redjawa-836003__340.jpg,REDJAWA,USADO,Motor 2.0 16v,Ano 1992 - 85.309 km,► Piloto automático► Controle de tração► Central multimídia► Ar condicionado,São Paulo - SP,R$ 432.000
https://caelum-online-public.s3.amazonaws.com/1381-scraping/01/img-cars/mini/mini-986756__340.jpg,MINI,USADO,Motor V8,Ano 2000 - 86.019 km,► Rodas de liga► Câmera de estacionamento► Central multimídia► Controle de estabilidade,Belo Horizonte - MG,R$ 297.000
https://caelum-online-public.s3.amazonaws.com/1381-scraping/01/img-cars/hummer/hummer-1180325__340.jpg,HUMMER,USADO,Motor 1.0 8v,Ano 2010 - 64.634 km,► Ar condicionado► Sensor de chuva► Sensor de estacionamento► Câmbio automático,Belo Horizonte - MG,R$ 160.000
https://caelum-online-public.s3.amazonaws.com/1381-scraping/01/img-cars/fire/fire-1345607__340.jpg,FIRE,NOVO,Motor Diesel V6,Ano 2019 - 0 km,► Travas elétricas► Vidros elétricos► Rodas de liga► Sensor crepuscular,São Paulo - SP,R$ 191.000
https://caelum-online-public.s3.amazonaws.com/1381-scraping/01/img-cars/ferrari-348/ferrari-348-2927398__340.jpg,FERRARI 348,USADO,Motor 5.0 V8 Bi-Turbo,Ano 2013 - 44.072 km,► Teto panorâmico► Sensor de estacionamento► 4 X 4► Rodas de liga,Belo Horizonte - MG,R$ 321.000
https://caelum-online-public.s3.amazonaws.com/1381-scraping/01/img-cars/ferrari-enzo/ferrari-enzo-2747730__340.jpg,FERRARI ENZO,USADO,Motor V8,Ano 1994 - 111.311 km,► Sensor crepuscular► Câmbio automático► Sensor de estacionamento► Freios ABS,Rio de Janeiro - RJ,R$ 342.000
https://caelum-online-public.s3.amazonaws.com/1381-scraping/01/img-cars/alloy/alloy-1834272__340.jpg,ALLOY,USADO,Motor 1.8 16v,Ano 1995 - 58.944 km,► Rodas de liga► Painel digital► Central multimídia► Freios ABS,São Paulo - SP,R$ 131.000
https://caelum-online-public.s3.amazonaws.com/1381-scraping/01/img-cars/sport-car/sport-car-332800__340.jpg,SPORT CAR,NOVO,Motor V8,Ano 2019 - 0 km,► Ar condicionado► Central multimídia► Sensor de chuva► Teto panorâmico,São Paulo - SP,R$ 102.000
https://caelum-online-public.s3.amazonaws.com/1381-scraping/01/img-cars/cuba/cuba-2390256__340.jpg,CUBA,USADO,Motor Diesel,Ano 1992 - 62.255 km,► Vidros elétricos► Controle de tração► Piloto automático► Teto panorâmico,Rio de Janeiro - RJ,R$ 422.000
https://caelum-online-public.s3.amazonaws.com/1381-scraping/01/img-cars/ferrari-f12/ferrari-f12-2747342__340.jpg,FERRARI F12,USADO,Motor Diesel V6,Ano 2008 - 65.143 km,► Freios ABS► Rodas de liga► Travas elétricas► Sensor de chuva,São Paulo - SP,R$ 482.000
https://caelum-online-public.s3.amazonaws.com/1381-scraping/01/img-cars/acura-rear/acura-rear-2834133__340.jpg,ACURA REAR,USADO,Motor 2.0 16v,Ano 2007 - 33.343 km,► Teto panorâmico► Painel digital► Travas elétricas► Controle de estabilidade,Belo Horizonte - MG,R$ 229.000
https://caelum-online-public.s3.amazonaws.com/1381-scraping/01/img-cars/mercedes-benz-slr/mercedes-benz-slr-2925433__340.jpg,MERCEDES BENZ SLR,USADO,Motor Diesel V8,Ano 1998 - 66.074 km,► Controle de tração► Câmera de estacionamento► Central multimídia► Travas elétricas,São Paulo - SP,R$ 61.000
https://caelum-online-public.s3.amazonaws.com/1381-scraping/01/img-cars/cadillac/cadillac-1142415__340.jpg,CADILLAC,USADO,Motor V8,Ano 2001 - 90.123 km,► Central multimídia► 4 X 4► Piloto automático► Vidros elétricos,Belo Horizonte - MG,R$ 491.000
https://caelum-online-public.s3.amazonaws.com/1381-scraping/01/img-cars/ford-gt40/ford-gt40-2925431__340.jpg,FORD GT40,USADO,Motor 2.4 Turbo,Ano 2009 - 118.844 km,► Central multimídia► Teto panorâmico► Painel digital► Bancos de couro,São Paulo - SP,R$ 340.000
https://caelum-online-public.s3.amazonaws.com/1381-scraping/01/img-cars/hotrod-truck/hotrod-truck-4330778__340.png,HOTROD TRUCK,USADO,Motor V6,Ano 2018 - 73.321 km,► Ar condicionado► Rodas de liga► Painel digital► Controle de estabilidade,São Paulo - SP,R$ 384.000
https://caelum-online-public.s3.amazonaws.com/1381-scraping/01/img-cars/classic-cars/classic-cars-2724161__340.jpg,CLASSIC CARS,USADO,Motor 1.0 8v,Ano 2006 - 7.306 km,► Travas elétricas► Central multimídia► 4 X 4► Rodas de liga,Belo Horizonte - MG,R$ 81.000
https://caelum-online-public.s3.amazonaws.com/1381-scraping/01/img-cars/bmw-glas-v8-coupe/bmw-glas-v8-coupe-3128825__340.png,BMW GLAS V8 COUPE,USADO,Motor Diesel,Ano 1991 - 85.498 km,► Travas elétricas► Ar condicionado► Piloto automático► Central multimídia,Belo Horizonte - MG,R$ 429.000
https://caelum-online-public.s3.amazonaws.com/1381-scraping/01/img-cars/peugeot/peugeot-836064__340.jpg,PEUGEOT,USADO,Motor 2.0 16v,Ano 2017 - 17.022 km,► Rodas de liga► Teto panorâmico► Câmera de estacionamento► Painel digital,Belo Horizonte - MG,R$ 384.000
https://caelum-online-public.s3.amazonaws.com/1381-scraping/01/img-cars/jaguar-car/jaguar-car-1035998__340.jpg,JAGUAR CAR,NOVO,Motor 3.0 32v,Ano 2019 - 0 km,► Piloto automático► 4 X 4► Freios ABS► Travas elétricas,Rio de Janeiro - RJ,R$ 318.000
https://caelum-online-public.s3.amazonaws.com/1381-scraping/01/img-cars/cobra-sports-car/cobra-sports-car-475981__340.jpg,COBRA SPORTS CAR,USADO,Motor 2.4 Turbo,Ano 2008 - 112.215 km,► Travas elétricas► Painel digital► Teto panorâmico► Central multimídia,Belo Horizonte - MG,R$ 326.000
https://caelum-online-public.s3.amazonaws.com/1381-scraping/01/img-cars/stretch-limousine/stretch-limousine-2714963__340.jpg,STRETCH LIMOUSINE,USADO,Motor Diesel,Ano 2009 - 53.225 km,► Controle de estabilidade► Teto panorâmico► Bancos de couro► Ar condicionado,Rio de Janeiro - RJ,R$ 447.000
https://caelum-online-public.s3.amazonaws.com/1381-scraping/01/img-cars/ferrari-car/ferrari-car-3664453__340.jpg,FERRARI CAR,USADO,Motor Diesel,Ano 2002 - 86.124 km,► Teto panorâmico► Câmbio automático► Central multimídia► Travas elétricas,São Paulo - SP,R$ 87.000
https://caelum-online-public.s3.amazonaws.com/1381-scraping/01/img-cars/mercurydl/mercurydl-836040__340.jpg,MERCURYDL,USADO,Motor Diesel V8,Ano 1997 - 108.631 km,► Sensor de estacionamento► Freios ABS► Controle de tração► Câmera de estacionamento,Belo Horizonte - MG,R$ 182.000
https://caelum-online-public.s3.amazonaws.com/1381-scraping/01/img-cars/maserati/maserati-1463877__340.jpg,MASERATI,NOVO,Motor 1.0 8v,Ano 2019 - 0 km,► Câmbio automático► Sensor crepuscular► Central multimídia► Vidros elétricos,Belo Horizonte - MG,R$ 212.000
https://caelum-online-public.s3.amazonaws.com/1381-scraping/01/img-cars/mercedes-c63-engine/mercedes-c63-engine-2994993__340.jpg,MERCEDES C63 ENGINE,USADO,Motor V6,Ano 1995 - 89.724 km,► Vidros elétricos► Câmera de estacionamento► Sensor de chuva► Teto panorâmico,São Paulo - SP,R$ 253.000
https://caelum-online-public.s3.amazonaws.com/1381-scraping/01/img-cars/coupe/coupe-1374436__340.jpg,COUPE,USADO,Motor 3.0 32v,Ano 2001 - 116.767 km,► Sensor de chuva► Câmera de estacionamento► Teto panorâmico► Vidros elétricos,São Paulo - SP,R$ 246.000
https://caelum-online-public.s3.amazonaws.com/1381-scraping/01/img-cars/gt/gt-687815__340.jpg,GT,USADO,Motor 4.0 Turbo,Ano 2016 - 38.803 km,► Vidros elétricos► Sensor crepuscular► Freios ABS► Ar condicionado,São Paulo - SP,R$ 364.000
https://caelum-online-public.s3.amazonaws.com/1381-scraping/01/img-cars/renault/renault-4211424__340.jpg,RENAULT,USADO,Motor 5.0 V8 Bi-Turbo,Ano 1991 - 101.983 km,► Câmbio automático► Sensor crepuscular► Rodas de liga► Sensor de chuva,São Paulo - SP,R$ 434.000
https://caelum-online-public.s3.amazonaws.com/1381-scraping/01/img-cars/fiat-130/fiat-130-2936755__340.png,FIAT 130,USADO,Motor 5.0 V8 Bi-Turbo,Ano 2010 - 11.257 km,► Sensor crepuscular► Travas elétricas► Central multimídia► 4 X 4,Rio de Janeiro - RJ,R$ 493.000
https://caelum-online-public.s3.amazonaws.com/1381-scraping/01/img-cars/vintage-cars/vintage-cars-1678580__340.jpg,VINTAGE CARS,USADO,Motor 1.8 16v,Ano 2004 - 47.972 km,► Câmera de estacionamento► Ar condicionado► Freios ABS► Piloto automático,São Paulo - SP,R$ 303.000
https://caelum-online-public.s3.amazonaws.com/1381-scraping/01/img-cars/nissan-gtr/nissan-gtr-2975651__340.jpg,NISSAN GTR,USADO,Motor Diesel,Ano 1995 - 61.740 km,► Freios ABS► Sensor de estacionamento► Sensor de chuva► Piloto automático,Rio de Janeiro - RJ,R$ 363.000
https://caelum-online-public.s3.amazonaws.com/1381-scraping/01/img-cars/mercedes-sls/mercedes-sls-1412863__340.jpg,MERCEDES SLS,USADO,Motor 3.0 32v,Ano 2004 - 41.278 km,► Freios ABS► Sensor de estacionamento► Controle de tração► Sensor de chuva,Rio de Janeiro - RJ,R$ 180.000
https://caelum-online-public.s3.amazonaws.com/1381-scraping/01/img-cars/luxury-automobile/luxury-automobile-678394__340.jpg,LUXURY AUTOMOBILE,NOVO,Motor V8,Ano 2019 - 0 km,► Teto panorâmico► Central multimídia► Ar condicionado► Sensor de estacionamento,Belo Horizonte - MG,R$ 175.000
https://caelum-online-public.s3.amazonaws.com/1381-scraping/01/img-cars/kia-car/kia-car-2773255__340.jpg,KIA CAR,USADO,Motor 4.0 Turbo,Ano 2017 - 95.496 km,► Controle de tração► Painel digital► Teto panorâmico► Freios ABS,Rio de Janeiro - RJ,R$ 455.000
https://caelum-online-public.s3.amazonaws.com/1381-scraping/01/img-cars/tangerine-lamborghini/tangerine-lamborghini-2876941__340.jpg,TANGERINE LAMBORGHINI,USADO,Motor V8,Ano 2003 - 100.107 km,► Câmera de estacionamento► Freios ABS► Painel digital► Câmbio automático,São Paulo - SP,R$ 296.000
https://caelum-online-public.s3.amazonaws.com/1381-scraping/01/img-cars/classic-taillight/classic-taillight-3022758__340.jpg,CLASSIC TAILLIGHT,USADO,Motor 4.0 Turbo,Ano 2015 - 39.240 km,► Vidros elétricos► Painel digital► Freios ABS► Sensor crepuscular,Belo Horizonte - MG,R$ 363.000
https://caelum-online-public.s3.amazonaws.com/1381-scraping/01/img-cars/wiesmann-gt-mf4/wiesmann-gt-mf4-2869569__340.png,WIESMANN GT MF4,USADO,Motor 2.0 16v,Ano 1994 - 82.228 km,► Câmera de estacionamento► Freios ABS► Controle de estabilidade► Painel digital,Rio de Janeiro - RJ,R$ 217.000
https://caelum-online-public.s3.amazonaws.com/1381-scraping/01/img-cars/gmc-yukon/gmc-yukon-2831791__340.jpg,GMC YUKON,USADO,Motor 5.0 V8 Bi-Turbo,Ano 2017 - 24.757 km,► Sensor de estacionamento► Rodas de liga► Câmera de estacionamento► Central multimídia,São Paulo - SP,R$ 51.000
https://caelum-online-public.s3.amazonaws.com/1381-scraping/01/img-cars/porsche-918-spyder/porsche-918-spyder-2462278__340.jpg,PORSCHE 918 SPYDER,USADO,Motor Diesel V6,Ano 2015 - 70.486 km,► Travas elétricas► Painel digital► Rodas de liga► Câmera de estacionamento,São Paulo - SP,R$ 109.000
https://caelum-online-public.s3.amazonaws.com/1381-scraping/01/img-cars/t1/t1-3632103__340.jpg,T1,NOVO,Motor 1.0 8v,Ano 2019 - 0 km,► Sensor de estacionamento► Painel digital► Controle de tração► Rodas de liga,São Paulo - SP,R$ 189.000
https://caelum-online-public.s3.amazonaws.com/1381-scraping/01/img-cars/mercedes-benz-280s/mercedes-benz-280s-3374758__340.png,MERCEDES BENZ 280S,USADO,Motor 2.4 Turbo,Ano 2000 - 108.914 km,► Ar condicionado► Câmera de estacionamento► Painel digital► Travas elétricas,São Paulo - SP,R$ 110.000
https://caelum-online-public.s3.amazonaws.com/1381-scraping/01/img-cars/lincoln/lincoln-4212833__340.jpg,LINCOLN,USADO,Motor 1.8 16v,Ano 2004 - 90.412 km,► Controle de tração► Sensor de estacionamento► Ar condicionado► Painel digital,Rio de Janeiro - RJ,R$ 321.000
https://caelum-online-public.s3.amazonaws.com/1381-scraping/01/img-cars/black-suv/black-suv-2773264__340.jpg,BLACK SUV,NOVO,Motor Diesel V8,Ano 2019 - 0 km,► Câmbio automático► Travas elétricas► Vidros elétricos► 4 X 4,Rio de Janeiro - RJ,R$ 275.000
https://caelum-online-public.s3.amazonaws.com/1381-scraping/01/img-cars/desoto/desoto-836021__340.jpg,DESOTO,USADO,Motor Diesel,Ano 2015 - 4.561 km,► 4 X 4► Controle de tração► Controle de estabilidade► Câmbio automático,São Paulo - SP,R$ 261.000
https://caelum-online-public.s3.amazonaws.com/1381-scraping/01/img-cars/chevrolet/chevrolet-836044__340.jpg,CHEVROLET,USADO,Motor 2.4 Turbo,Ano 1992 - 108.884 km,► Central multimídia► 4 X 4► Painel digital► Sensor de estacionamento,Rio de Janeiro - RJ,R$ 173.000
https://caelum-online-public.s3.amazonaws.com/1381-scraping/01/img-cars/volvo/volvo-3731469__340.jpg,VOLVO,NOVO,Motor V6,Ano 2019 - 0 km,► Central multimídia► Piloto automático► Rodas de liga► Controle de estabilidade,Rio de Janeiro - RJ,R$ 303.000
https://caelum-online-public.s3.amazonaws.com/1381-scraping/01/img-cars/koenigsegg-ccr/koenigsegg-ccr-2086629__340.jpg,KOENIGSEGG CCR,USADO,Motor V8,Ano 1993 - 47.501 km,► Sensor de estacionamento► Ar condicionado► Teto panorâmico► Sensor crepuscular,Rio de Janeiro - RJ,R$ 264.000
https://caelum-online-public.s3.amazonaws.com/1381-scraping/01/img-cars/lamborghini-murcielago-sv/lamborghini-murcielago-sv-2872980__340.jpg,LAMBORGHINI MURCIELAGO SV,USADO,Motor Diesel V6,Ano 2005 - 96.423 km,► Câmbio automático► Freios ABS► Bancos de couro► Painel digital,São Paulo - SP,R$ 323.000
https://caelum-online-public.s3.amazonaws.com/1381-scraping/01/img-cars/opel-diplomat/opel-diplomat-4267367__340.png,OPEL DIPLOMAT,USADO,Motor Diesel V8,Ano 1992 - 50.436 km,► Controle de tração► Vidros elétricos► Rodas de liga► Sensor de estacionamento,Rio de Janeiro - RJ,R$ 244.000
https://caelum-online-public.s3.amazonaws.com/1381-scraping/01/img-cars/rolls-royce/rolls-royce-1115993__340.jpg,ROLLS ROYCE,NOVO,Motor Diesel V6,Ano 2019 - 0 km,► Controle de estabilidade► Controle de tração► Sensor de chuva► Vidros elétricos,Belo Horizonte - MG,R$ 350.000
https://caelum-online-public.s3.amazonaws.com/1381-scraping/01/img-cars/ferrari-f430-spider/ferrari-f430-spider-2994994__340.jpg,FERRARI F430 SPIDER,USADO,Motor V8,Ano 1993 - 9.245 km,► Painel digital► Bancos de couro► Freios ABS► Controle de tração,São Paulo - SP,R$ 316.000
https://caelum-online-public.s3.amazonaws.com/1381-scraping/01/img-cars/sheavy/sheavy-1773311__340.jpg,SHEAVY,USADO,Motor V6,Ano 1997 - 16.528 km,► Teto panorâmico► 4 X 4► Painel digital► Sensor de chuva,Belo Horizonte - MG,R$ 352.000
https://caelum-online-public.s3.amazonaws.com/1381-scraping/01/img-cars/auto-detail/auto-detail-2687868__340.jpg,AUTO DETAIL,USADO,Motor 4.0 Turbo,Ano 2011 - 119.240 km,► 4 X 4► Controle de estabilidade► Câmera de estacionamento► Travas elétricas,São Paulo - SP,R$ 291.000
https://caelum-online-public.s3.amazonaws.com/1381-scraping/01/img-cars/alfa-romeo/alfa-romeo-1548120__340.jpg,ALFA ROMEO,NOVO,Motor 2.0 16v,Ano 2019 - 0 km,► Câmbio automático► Bancos de couro► Controle de tração► Painel digital,Belo Horizonte - MG,R$ 98.000
https://caelum-online-public.s3.amazonaws.com/1381-scraping/01/img-cars/lamborghini-huracan/lamborghini-huracan-2932195__340.jpg,LAMBORGHINI HURACAN,USADO,Motor Diesel V8,Ano 1991 - 80.719 km,► Sensor crepuscular► Câmbio automático► Controle de tração► Central multimídia,São Paulo - SP,R$ 218.000
https://caelum-online-public.s3.amazonaws.com/1381-scraping/01/img-cars/morgan-plus-8/morgan-plus-8-2851110__340.jpg,MORGAN PLUS 8,USADO,Motor Diesel,Ano 2010 - 113.873 km,► Central multimídia► Painel digital► Controle de estabilidade► Travas elétricas,São Paulo - SP,R$ 218.000
https://caelum-online-public.s3.amazonaws.com/1381-scraping/01/img-cars/bmw-m4/bmw-m4-2964071__340.jpg,BMW M4,USADO,Motor Diesel V6,Ano 1995 - 91.022 km,► Sensor de estacionamento► Vidros elétricos► Controle de estabilidade► Ar condicionado,Belo Horizonte - MG,R$ 387.000
https://caelum-online-public.s3.amazonaws.com/1381-scraping/01/img-cars/cold/cold-3378044__340.jpg,COLD,USADO,Motor 1.0 8v,Ano 2002 - 50.166 km,► Câmbio automático► Vidros elétricos► Câmera de estacionamento► Controle de tração,Belo Horizonte - MG,R$ 105.000
https://caelum-online-public.s3.amazonaws.com/1381-scraping/01/img-cars/c63/c63-1653815__340.jpg,C63,USADO,Motor 2.0 16v,Ano 1994 - 59.885 km,► Sensor de chuva► Controle de tração► Sensor de estacionamento► Câmbio automático,Belo Horizonte - MG,R$ 170.000
https://caelum-online-public.s3.amazonaws.com/1381-scraping/01/img-cars/custom-rims/custom-rims-2828413__340.jpg,CUSTOM RIMS,USADO,Motor 4.0 Turbo,Ano 1994 - 15.292 km,► Controle de tração► 4 X 4► Vidros elétricos► Sensor de chuva,Belo Horizonte - MG,R$ 490.000
https://caelum-online-public.s3.amazonaws.com/1381-scraping/01/img-cars/mercedes-benz-s-class/mercedes-benz-s-class-3378362__340.png,MERCEDES BENZ S CLASS,USADO,Motor 2.0 16v,Ano 2003 - 23.426 km,► Controle de tração► Sensor crepuscular► Piloto automático► Sensor de estacionamento,Rio de Janeiro - RJ,R$ 152.000
https://caelum-online-public.s3.amazonaws.com/1381-scraping/01/img-cars/adam-opel-ag/adam-opel-ag-2936765__340.png,ADAM OPEL AG,NOVO,Motor 1.0 8v,Ano 2019 - 0 km,► Sensor crepuscular► Sensor de estacionamento► Travas elétricas► Sensor de chuva,São Paulo - SP,R$ 480.000
https://caelum-online-public.s3.amazonaws.com/1381-scraping/01/img-cars/spotlight/spotlight-1843472__340.jpg,SPOTLIGHT,USADO,Motor 4.0 Turbo,Ano 2000 - 81.779 km,► Rodas de liga► Controle de tração► Bancos de couro► Vidros elétricos,Rio de Janeiro - RJ,R$ 381.000
https://caelum-online-public.s3.amazonaws.com/1381-scraping/01/img-cars/lotus/lotus-3695433__340.jpg,LOTUS,USADO,Motor Diesel V6,Ano 1995 - 45.004 km,► Travas elétricas► Freios ABS► Bancos de couro► Câmbio automático,São Paulo - SP,R$ 468.000
https://caelum-online-public.s3.amazonaws.com/1381-scraping/01/img-cars/sports-car/sports-car-1185521__340.jpg,SPORTS CAR,NOVO,Motor 1.8 16v,Ano 2019 - 0 km,► Travas elétricas► Rodas de liga► Bancos de couro► Central multimídia,Rio de Janeiro - RJ,R$ 54.000
https://caelum-online-public.s3.amazonaws.com/1381-scraping/01/img-cars/restored/restored-3326410__340.jpg,RESTORED,USADO,Motor 5.0 V8 Bi-Turbo,Ano 2002 - 84.771 km,► Teto panorâmico► Câmbio automático► Controle de estabilidade► Vidros elétricos,São Paulo - SP,R$ 304.000
https://caelum-online-public.s3.amazonaws.com/1381-scraping/01/img-cars/ferrari-f430/ferrari-f430-2923843__340.jpg,FERRARI F430,USADO,Motor 1.0 8v,Ano 2005 - 57.973 km,► Sensor de chuva► Rodas de liga► Controle de tração► Ar condicionado,Rio de Janeiro - RJ,R$ 372.000
https://caelum-online-public.s3.amazonaws.com/1381-scraping/01/img-cars/classic-mercedes/classic-mercedes-2091847__340.jpg,CLASSIC MERCEDES,USADO,Motor 1.0 8v,Ano 2014 - 86.577 km,► Vidros elétricos► Bancos de couro► Controle de estabilidade► Freios ABS,Belo Horizonte - MG,R$ 357.000
https://caelum-online-public.s3.amazonaws.com/1381-scraping/01/img-cars/mercedes/mercedes-1079169__340.jpg,MERCEDES,USADO,Motor V6,Ano 2002 - 25.150 km,► Central multimídia► Ar condicionado► Vidros elétricos► Painel digital,Rio de Janeiro - RJ,R$ 333.000
https://caelum-online-public.s3.amazonaws.com/1381-scraping/01/img-cars/speedo/speedo-2653525__340.jpg,SPEEDO,USADO,Motor 1.0 8v,Ano 2010 - 44.165 km,► Vidros elétricos► Sensor de chuva► Sensor crepuscular► Ar condicionado,Belo Horizonte - MG,R$ 153.000
https://caelum-online-public.s3.amazonaws.com/1381-scraping/01/img-cars/porsche-targa/porsche-targa-1410900__340.jpg,PORSCHE TARGA,USADO,Motor 1.8 16v,Ano 2005 - 102.500 km,► Teto panorâmico► Câmbio automático► Sensor crepuscular► Controle de estabilidade,Belo Horizonte - MG,R$ 318.000
https://caelum-online-public.s3.amazonaws.com/1381-scraping/01/img-cars/ferrari-308-gt4/ferrari-308-gt4-3546785__340.jpg,FERRARI 308 GT4,USADO,Motor 4.0 Turbo,Ano 1999 - 90.403 km,► Bancos de couro► Ar condicionado► Travas elétricas► Controle de tração,Belo Horizonte - MG,R$ 125.000
https://caelum-online-public.s3.amazonaws.com/1381-scraping/01/img-cars/mercedes-benz-600/mercedes-benz-600-2634346__340.png,MERCEDES BENZ 600,USADO,Motor Diesel,Ano 2015 - 69.171 km,► Piloto automático► Central multimídia► Painel digital► Rodas de liga,Rio de Janeiro - RJ,R$ 373.000
https://caelum-online-public.s3.amazonaws.com/1381-scraping/01/img-cars/packard-super-8/packard-super-8-3797938__340.jpg,PACKARD SUPER 8,USADO,Motor Diesel V6,Ano 2004 - 4.476 km,► Rodas de liga► Teto panorâmico► Câmbio automático► Bancos de couro,Belo Horizonte - MG,R$ 81.000
https://caelum-online-public.s3.amazonaws.com/1381-scraping/01/img-cars/bentley-mulsanne/bentley-mulsanne-3169363__340.jpg,BENTLEY MULSANNE,USADO,Motor Diesel V6,Ano 2004 - 61.712 km,► 4 X 4► Central multimídia► Travas elétricas► Painel digital,Belo Horizonte - MG,R$ 464.000
https://caelum-online-public.s3.amazonaws.com/1381-scraping/01/img-cars/jaguar-xk/jaguar-xk-1409324__340.jpg,JAGUAR XK,NOVO,Motor 5.0 V8 Bi-Turbo,Ano 2019 - 0 km,► 4 X 4► Teto panorâmico► Sensor de chuva► Controle de tração,Belo Horizonte - MG,R$ 201.000
https://caelum-online-public.s3.amazonaws.com/1381-scraping/01/img-cars/plymouth/plymouth-836022__340.jpg,PLYMOUTH,USADO,Motor V6,Ano 1999 - 2.388 km,► 4 X 4► Controle de estabilidade► Freios ABS► Sensor de estacionamento,São Paulo - SP,R$ 222.000
https://caelum-online-public.s3.amazonaws.com/1381-scraping/01/img-cars/porsche-911-gt3/porsche-911-gt3-2865400__340.jpg,PORSCHE 911 GT3,USADO,Motor Diesel V6,Ano 2009 - 86.538 km,► 4 X 4► Sensor de chuva► Rodas de liga► Central multimídia,Rio de Janeiro - RJ,R$ 376.000
https://caelum-online-public.s3.amazonaws.com/1381-scraping/01/img-cars/merces/merces-4018433__340.jpg,MERCES,USADO,Motor V8,Ano 2014 - 11.328 km,► Travas elétricas► Freios ABS► Controle de tração► Controle de estabilidade,São Paulo - SP,R$ 112.000
https://caelum-online-public.s3.amazonaws.com/1381-scraping/01/img-cars/thirties/thirties-3474879__340.jpg,THIRTIES,USADO,Motor Diesel,Ano 2006 - 93.564 km,► Sensor de estacionamento► Câmbio automático► Piloto automático► Ar condicionado,Rio de Janeiro - RJ,R$ 338.000
https://caelum-online-public.s3.amazonaws.com/1381-scraping/01/img-cars/porsche-911-turbo/porsche-911-turbo-2933964__340.jpg,PORSCHE 911 TURBO,USADO,Motor 1.8 16v,Ano 1996 - 106.598 km,► Controle de tração► Sensor crepuscular► Vidros elétricos► Painel digital,São Paulo - SP,R$ 338.000
https://caelum-online-public.s3.amazonaws.com/1381-scraping/01/img-cars/skoda/skoda-835994__340.jpg,SKODA,USADO,Motor V8,Ano 1994 - 77.208 km,► Controle de estabilidade► Rodas de liga► Ar condicionado► Câmbio automático,Belo Horizonte - MG,R$ 198.000
https://caelum-online-public.s3.amazonaws.com/1381-scraping/01/img-cars/volkswagen/volkswagen-836062__340.jpg,VOLKSWAGEN,USADO,Motor Diesel V8,Ano 2017 - 64.852 km,► Câmera de estacionamento► Central multimídia► Travas elétricas► Câmbio automático,Belo Horizonte - MG,R$ 155.000
https://caelum-online-public.s3.amazonaws.com/1381-scraping/01/img-cars/gmc-yukon-truck-wheel/gmc-yukon-truck-wheel-2831790__340.jpg,GMC YUKON TRUCK WHEEL,USADO,Motor 1.0 8v,Ano 2001 - 70.878 km,► Sensor de estacionamento► Ar condicionado► Vidros elétricos► Câmbio automático,Rio de Janeiro - RJ,R$ 273.000
https://caelum-online-public.s3.amazonaws.com/1381-scraping/01/img-cars/pantera/pantera-3543075__340.jpg,PANTERA,NOVO,Motor Diesel,Ano 2019 - 0 km,► Freios ABS► Controle de estabilidade► Travas elétricas► Câmera de estacionamento,São Paulo - SP,R$ 63.000
https://caelum-online-public.s3.amazonaws.com/1381-scraping/01/img-cars/honda/honda-1277981__340.jpg,HONDA,USADO,Motor Diesel V8,Ano 2009 - 64.735 km,► Câmbio automático► Vidros elétricos► Sensor de estacionamento► 4 X 4,São Paulo - SP,R$ 448.000
https://caelum-online-public.s3.amazonaws.com/1381-scraping/01/img-cars/mercedes-amg-gts/mercedes-amg-gts-2925430__340.jpg,MERCEDES AMG GTS,USADO,Motor Diesel V6,Ano 2009 - 59.305 km,► Freios ABS► Sensor de estacionamento► Rodas de liga► Câmera de estacionamento,Belo Horizonte - MG,R$ 376.000
https://caelum-online-public.s3.amazonaws.com/1381-scraping/01/img-cars/limo/limo-327350__340.jpg,LIMO,USADO,Motor V6,Ano 1990 - 92.448 km,► Controle de estabilidade► Câmbio automático► Ar condicionado► Central multimídia,Belo Horizonte - MG,R$ 353.000
https://caelum-online-public.s3.amazonaws.com/1381-scraping/01/img-cars/bmw/bmw-1274292__340.jpg,BMW,USADO,Motor Diesel V6,Ano 2015 - 21.275 km,► Controle de tração► Travas elétricas► Rodas de liga► Central multimídia,Belo Horizonte - MG,R$ 90.000
https://caelum-online-public.s3.amazonaws.com/1381-scraping/01/img-cars/ferrari-288-gto/ferrari-288-gto-2927377__340.jpg,FERRARI 288 GTO,USADO,Motor V6,Ano 1994 - 86.170 km,► Piloto automático► Sensor de estacionamento► Sensor crepuscular► Rodas de liga,Rio de Janeiro - RJ,R$ 468.000
https://caelum-online-public.s3.amazonaws.com/1381-scraping/01/img-cars/audi-rs7/audi-rs7-1548133__340.jpg,AUDI RS7,USADO,Motor 3.0 32v,Ano 2014 - 117.197 km,► Piloto automático► Controle de estabilidade► Sensor de estacionamento► Sensor de chuva,São Paulo - SP,R$ 415.000
https://caelum-online-public.s3.amazonaws.com/1381-scraping/01/img-cars/seat-leon/seat-leon-2634168__340.jpg,SEAT LEON,USADO,Motor 2.0 16v,Ano 1995 - 30.961 km,► Sensor de chuva► Câmbio automático► Freios ABS► 4 X 4,Belo Horizonte - MG,R$ 331.000
https://caelum-online-public.s3.amazonaws.com/1381-scraping/01/img-cars/mercedes-benz-sls/mercedes-benz-sls-3070379__340.jpg,MERCEDES BENZ SLS,USADO,Motor Diesel V8,Ano 1991 - 97.949 km,► Freios ABS► Rodas de liga► Câmbio automático► Painel digital,Rio de Janeiro - RJ,R$ 237.000
https://caelum-online-public.s3.amazonaws.com/1381-scraping/01/img-cars/lagonda/lagonda-836002__340.jpg,LAGONDA,USADO,Motor 2.0 16v,Ano 2016 - 18.870 km,► Câmera de estacionamento► Rodas de liga► Painel digital► Sensor de estacionamento,Rio de Janeiro - RJ,R$ 88.000
https://caelum-online-public.s3.amazonaws.com/1381-scraping/01/img-cars/antique-car/antique-car-2470941__340.jpg,ANTIQUE CAR,USADO,Motor Diesel,Ano 2014 - 114.136 km,► Central multimídia► Sensor de estacionamento► Controle de tração► Câmbio automático,Belo Horizonte - MG,R$ 312.000
https://caelum-online-public.s3.amazonaws.com/1381-scraping/01/img-cars/audi-a5/audi-a5-1047604__340.jpg,AUDI A5,NOVO,Motor V6,Ano 2019 - 0 km,► Câmera de estacionamento► Sensor de chuva► Vidros elétricos► Sensor de estacionamento,Rio de Janeiro - RJ,R$ 240.000
https://caelum-online-public.s3.amazonaws.com/1381-scraping/01/img-cars/cougar-xr/cougar-xr-3597691__340.jpg,COUGAR XR,NOVO,Motor 1.8 16v,Ano 2019 - 0 km,► Sensor crepuscular► Controle de estabilidade► Rodas de liga► Teto panorâmico,São Paulo - SP,R$ 215.000
https://caelum-online-public.s3.amazonaws.com/1381-scraping/01/img-cars/jaguar/jaguar-1104865__340.jpg,JAGUAR,USADO,Motor V6,Ano 1991 - 117.377 km,► Teto panorâmico► Ar condicionado► Vidros elétricos► Bancos de couro,Belo Horizonte - MG,R$ 492.000
https://caelum-online-public.s3.amazonaws.com/1381-scraping/01/img-cars/white-lamborghini/white-lamborghini-2876940__340.jpg,WHITE LAMBORGHINI,NOVO,Motor Diesel,Ano 2019 - 0 km,► Controle de tração► Câmbio automático► Câmera de estacionamento► Sensor de estacionamento,São Paulo - SP,R$ 172.000
https://caelum-online-public.s3.amazonaws.com/1381-scraping/01/img-cars/corvette-yellow/corvette-yellow-251644__340.jpg,CORVETTE YELLOW,NOVO,Motor 5.0 V8 Bi-Turbo,Ano 2019 - 0 km,► Bancos de couro► Rodas de liga► Sensor de chuva► Central multimídia,São Paulo - SP,R$ 496.000
https://caelum-online-public.s3.amazonaws.com/1381-scraping/01/img-cars/houston-fire-department/houston-fire-department-3230228__340.jpg,HOUSTON FIRE DEPARTMENT,USADO,Motor 5.0 V8 Bi-Turbo,Ano 2010 - 112.389 km,► Ar condicionado► Travas elétricas► Controle de tração► 4 X 4,Rio de Janeiro - RJ,R$ 334.000
https://caelum-online-public.s3.amazonaws.com/1381-scraping/01/img-cars/aston-martin-dbs/aston-martin-dbs-2997748__340.jpg,ASTON MARTIN DBS,USADO,Motor V8,Ano 2010 - 15.193 km,► Ar condicionado► Vidros elétricos► Câmbio automático► Sensor de estacionamento,Belo Horizonte - MG,R$ 331.000
https://caelum-online-public.s3.amazonaws.com/1381-scraping/01/img-cars/amg/amg-4077982__340.jpg,AMG,NOVO,Motor 4.0 Turbo,Ano 2019 - 0 km,► Freios ABS► Piloto automático► Sensor crepuscular► Vidros elétricos,São Paulo - SP,R$ 381.000
https://caelum-online-public.s3.amazonaws.com/1381-scraping/01/img-cars/lamborghini-diablo/lamborghini-diablo-2927409__340.jpg,LAMBORGHINI DIABLO,NOVO,Motor 2.4 Turbo,Ano 2019 - 0 km,► Ar condicionado► Sensor de estacionamento► Controle de estabilidade► Painel digital,São Paulo - SP,R$ 362.000
https://caelum-online-public.s3.amazonaws.com/1381-scraping/01/img-cars/trippelwagen/trippelwagen-836006__340.jpg,TRIPPELWAGEN,NOVO,Motor 2.0 16v,Ano 2019 - 0 km,► Sensor de chuva► Ar condicionado► Teto panorâmico► Sensor de estacionamento,Rio de Janeiro - RJ,R$ 281.000
https://caelum-online-public.s3.amazonaws.com/1381-scraping/01/img-cars/bentz/bentz-87336__340.jpg,BENTZ,NOVO,Motor 2.4 Turbo,Ano 2019 - 0 km,► Freios ABS► Ar condicionado► Travas elétricas► Câmbio automático,São Paulo - SP,R$ 308.000
https://caelum-online-public.s3.amazonaws.com/1381-scraping/01/img-cars/luxury-sports-car/luxury-sports-car-1043627__340.jpg,LUXURY SPORTS CAR,NOVO,Motor 3.0 32v,Ano 2019 - 0 km,► Piloto automático► Controle de estabilidade► Câmera de estacionamento► 4 X 4,Rio de Janeiro - RJ,R$ 268.000
https://caelum-online-public.s3.amazonaws.com/1381-scraping/01/img-cars/convertible/convertible-240140__340.jpg,CONVERTIBLE,USADO,Motor V8,Ano 2008 - 42.427 km,► Rodas de liga► Freios ABS► Câmera de estacionamento► Travas elétricas,Rio de Janeiro - RJ,R$ 192.000
https://caelum-online-public.s3.amazonaws.com/1381-scraping/01/img-cars/rolland-pilain/rolland-pilain-4259794__340.jpg,ROLLAND PILAIN,USADO,Motor 1.8 16v,Ano 2006 - 15.128 km,► Painel digital► Câmbio automático► Sensor crepuscular► Rodas de liga,São Paulo - SP,R$ 432.000
https://caelum-online-public.s3.amazonaws.com/1381-scraping/01/img-cars/suv-rear-tire/suv-rear-tire-2773267__340.jpg,SUV REAR TIRE,USADO,Motor 3.0 32v,Ano 1998 - 74.292 km,► Câmera de estacionamento► Rodas de liga► Sensor de estacionamento► Vidros elétricos,São Paulo - SP,R$ 489.000
https://caelum-online-public.s3.amazonaws.com/1381-scraping/01/img-cars/antique/antique-16040__340.jpg,ANTIQUE,NOVO,Motor 2.0 16v,Ano 2019 - 0 km,► Bancos de couro► Freios ABS► Sensor de estacionamento► Teto panorâmico,Belo Horizonte - MG,R$ 427.000
https://caelum-online-public.s3.amazonaws.com/1381-scraping/01/img-cars/sport/sport-1634268__340.jpg,SPORT,USADO,Motor 2.0 16v,Ano 2001 - 102.776 km,► Sensor crepuscular► Sensor de chuva► Vidros elétricos► Travas elétricas,Belo Horizonte - MG,R$ 203.000
https://caelum-online-public.s3.amazonaws.com/1381-scraping/01/img-cars/imperial/imperial-4259819__340.jpg,IMPERIAL,USADO,Motor 1.8 16v,Ano 2011 - 101.787 km,► Painel digital► Travas elétricas► Sensor de chuva► Ar condicionado,Belo Horizonte - MG,R$ 474.000
https://caelum-online-public.s3.amazonaws.com/1381-scraping/01/img-cars/kia-sports-car/kia-sports-car-2773258__340.jpg,KIA SPORTS CAR,USADO,Motor 3.0 32v,Ano 2001 - 88.564 km,► Sensor crepuscular► Bancos de couro► Sensor de estacionamento► Travas elétricas,Belo Horizonte - MG,R$ 366.000
